<?xml version="1.0" encoding="UTF-8"?>
<classpath>
	<classpathentry kind="con" path="org.eclipse.jdt.launching.JRE_CONTAINER/org.eclipse.jdt.internal.debug.ui.launcher.StandardVMType/JavaSE-1.8"/>
	<classpathentry kind="src" path="src"/>
	<classpathentry kind="lib" path="C:/Users/Lakshmi/Downloads/json-simple-1.1.1.jar/json-simple-1.1.1.jar"/>
	<classpathentry kind="lib" path="C:/Users/Lakshmi/Downloads/stanford-corenlp-full-2018-02-27/stanford-corenlp-full-2018-02-27/javax.json.jar"/>
	<classpathentry kind="lib" path="C:/Users/Lakshmi/Downloads/stanford-corenlp-full-2018-02-27/stanford-corenlp-full-2018-02-27/javax.json-api-1.0-sources.jar"/>
	<classpathentry kind="lib" path="C:/Users/Lakshmi/Downloads/stanford-corenlp-full-2018-02-27/stanford-corenlp-full-2018-02-27/joda-time.jar"/>
	<classpathentry kind="lib" path="C:/Users/Lakshmi/Downloads/stanford-corenlp-full-2018-02-27/stanford-corenlp-full-2018-02-27/joda-time-2.9-sources.jar"/>
	<classpathentry kind="lib" path="C:/Users/Lakshmi/Downloads/stanford-corenlp-full-2018-02-27/stanford-corenlp-full-2018-02-27/jollyday.jar"/>
	<classpathentry kind="lib" path="C:/Users/Lakshmi/Downloads/stanford-corenlp-full-2018-02-27/stanford-corenlp-full-2018-02-27/jollyday-0.4.9-sources.jar"/>
	<classpathentry kind="lib" path="C:/Users/Lakshmi/Downloads/stanford-corenlp-full-2018-02-27/stanford-corenlp-full-2018-02-27/protobuf.jar"/>
	<classpathentry kind="lib" path="C:/Users/Lakshmi/Downloads/stanford-corenlp-full-2018-02-27/stanford-corenlp-full-2018-02-27/slf4j-api.jar"/>
	<classpathentry kind="lib" path="C:/Users/Lakshmi/Downloads/stanford-corenlp-full-2018-02-27/stanford-corenlp-full-2018-02-27/slf4j-simple.jar"/>
	<classpathentry kind="lib" path="C:/Users/Lakshmi/Downloads/stanford-corenlp-full-2018-02-27/stanford-corenlp-full-2018-02-27/stanford-corenlp-3.9.1.jar"/>
	<classpathentry kind="lib" path="C:/Users/Lakshmi/Downloads/stanford-corenlp-full-2018-02-27/stanford-corenlp-full-2018-02-27/stanford-corenlp-3.9.1-javadoc.jar"/>
	<classpathentry kind="lib" path="C:/Users/Lakshmi/Downloads/stanford-corenlp-full-2018-02-27/stanford-corenlp-full-2018-02-27/stanford-corenlp-3.9.1-models.jar"/>
	<classpathentry kind="lib" path="C:/Users/Lakshmi/Downloads/stanford-corenlp-full-2018-02-27/stanford-corenlp-full-2018-02-27/stanford-corenlp-3.9.1-sources.jar"/>
	<classpathentry kind="lib" path="C:/Users/Lakshmi/Downloads/stanford-corenlp-full-2018-02-27/stanford-corenlp-full-2018-02-27/xom.jar"/>
	<classpathentry kind="lib" path="C:/Users/Lakshmi/Downloads/stanford-corenlp-full-2018-02-27/stanford-corenlp-full-2018-02-27/xom-1.2.10-src.jar"/>
	<classpathentry kind="lib" path="C:/Users/Lakshmi/Downloads/stanford-corenlp-full-2018-02-27/stanford-corenlp-full-2018-02-27/ejml-0.23.jar"/>
	<classpathentry kind="lib" path="C:/Users/Lakshmi/Downloads/jar_files/annotations-2.0.1.jar"/>
	<classpathentry kind="lib" path="C:/Users/Lakshmi/Downloads/jar_files/commons-io-2.4.jar"/>
	<classpathentry kind="lib" path="C:/Users/Lakshmi/Downloads/jar_files/commons-lang3-3.3.1.jar"/>
	<classpathentry kind="lib" path="C:/Users/Lakshmi/Downloads/jar_files/commons-math3-3.4.1.jar"/>
	<classpathentry kind="lib" path="C:/Users/Lakshmi/Downloads/jar_files/guava-18.0.jar"/>
	<classpathentry kind="lib" path="C:/Users/Lakshmi/Downloads/jar_files/jackson-annotations-2.5.0.jar"/>
	<classpathentry kind="lib" path="C:/Users/Lakshmi/Downloads/jar_files/jackson-core-2.5.1.jar"/>
	<classpathentry kind="lib" path="C:/Users/Lakshmi/Downloads/jar_files/jackson-databind-2.5.1.jar"/>
	<classpathentry kind="lib" path="C:/Users/Lakshmi/Downloads/jar_files/javacpp-1.2.4.jar"/>
	<classpathentry kind="lib" path="C:/Users/Lakshmi/Downloads/jar_files/javassist-3.19.0-GA.jar"/>
	<classpathentry kind="lib" path="C:/Users/Lakshmi/Downloads/jar_files/lombok-1.16.4.jar"/>
	<classpathentry kind="lib" path="C:/Users/Lakshmi/Downloads/jar_files/reflections-0.9.10.jar"/>
	<classpathentry kind="lib" path="C:/Users/Lakshmi/Downloads/jar_files/slf4j-api-1.7.10.jar"/>
	<classpathentry kind="lib" path="C:/Users/Lakshmi/Downloads/jfreechart.jar"/>
	<classpathentry kind="lib" path="C:/Users/Lakshmi/Downloads/jcommon.jar/jcommon.jar"/>
	<classpathentry kind="lib" path="C:/Users/Lakshmi/Downloads/colt-1.2.0/colt/lib/colt.jar"/>
	<classpathentry kind="lib" path="C:/Users/Lakshmi/Downloads/colt-1.2.0/colt/lib/concurrent.jar"/>
	<classpathentry kind="output" path="bin"/>
</classpath>
